{
  "train_loss": [
    0.1307248403429985,
    0.12865003180503845,
    0.12880271726846695,
    0.1296727804839611,
    0.12741860961914062,
    0.12683844143152237,
    0.1272196940779686,
    0.1265024278461933,
    0.12591168385744095,
    0.12363510942459106,
    0.12290693238377572,
    0.12227661401033402,
    0.12178127247095108,
    0.12121835365891456,
    0.12105189016461372,
    0.12029226037859916,
    0.12082780677080154,
    0.12002959048748016,
    0.11874053600430488,
    0.11877488300204277,
    0.11797651535272598,
    0.11778465116024017,
    0.11727326583862305,
    0.11668465170264244,
    0.11641265362501145
  ],
  "train_acc": [
    0.517875,
    0.518875,
    0.5055,
    0.51175,
    0.518875,
    0.524,
    0.52675,
    0.53325,
    0.53475,
    0.552875,
    0.5635,
    0.56375,
    0.570125,
    0.576625,
    0.574375,
    0.577125,
    0.575,
    0.585875,
    0.592,
    0.592375,
    0.5975,
    0.599,
    0.59975,
    0.610625,
    0.61025
  ],
  "train_f1": [
    0.59387174897336,
    0.5879456161010598,
    0.5792384599021485,
    0.587887740029542,
    0.5901394952614205,
    0.5924657534246575,
    0.5910563836681789,
    0.5970213684437728,
    0.5939341042984944,
    0.5994849400962937,
    0.6046195652173914,
    0.6020524515393386,
    0.6053024216687708,
    0.6101968005524225,
    0.6124957323318538,
    0.6099388908105615,
    0.6099128040385497,
    0.6178336601684161,
    0.6269714285714285,
    0.6172984391503346,
    0.6252327746741155,
    0.6316877152698048,
    0.6277609858172518,
    0.6371578334304019,
    0.6384508348794062
  ],
  "train_precision": [
    0.5130070947789703,
    0.5141359296011982,
    0.5040725657164014,
    0.5085797736400146,
    0.5140048228529029,
    0.5179640718562875,
    0.5203499429440852,
    0.5252563615647551,
    0.5269066976384049,
    0.5428919083350233,
    0.5525662251655629,
    0.5534591194968553,
    0.5595162316995544,
    0.5653657496267861,
    0.5621474827658242,
    0.5660175476139525,
    0.5636132315521628,
    0.5735703576783037,
    0.5774736842105264,
    0.5817297058172971,
    0.5849303135888502,
    0.5840764331210191,
    0.5867014341590613,
    0.5965103598691385,
    0.595371972318339
  ],
  "train_recall": [
    0.705,
    0.6865,
    0.68075,
    0.6965,
    0.69275,
    0.692,
    0.684,
    0.6915,
    0.6805,
    0.66925,
    0.6675,
    0.66,
    0.65925,
    0.66275,
    0.67275,
    0.66125,
    0.6645,
    0.6695,
    0.68575,
    0.6575,
    0.6715,
    0.68775,
    0.675,
    0.68375,
    0.68825
  ],
  "val_loss": [
    0.13292927224011647,
    0.1351412030912581,
    0.14177246090202106,
    0.13819693159016352,
    0.1391817963430806,
    0.13608877088815446,
    0.13893762834015347,
    0.13666977283973542,
    0.13334029439895873,
    0.13251447370128025,
    0.1321760785012018,
    0.13236487863792312,
    0.131021824029703,
    0.13391942968444218,
    0.13160476608881874,
    0.1335368501761603,
    0.13379975361010385,
    0.1304349061988649,
    0.1314746653513303,
    0.12998502914394652,
    0.12593336166843536,
    0.12843759901939877,
    0.12509330397560484,
    0.1297006778537281,
    0.12575202210555
  ],
  "val_acc": [
    0.5235,
    0.5235,
    0.5025,
    0.519,
    0.516,
    0.5215,
    0.5115,
    0.521,
    0.532,
    0.5445,
    0.536,
    0.5225,
    0.5465,
    0.538,
    0.5385,
    0.541,
    0.5425,
    0.538,
    0.534,
    0.563,
    0.568,
    0.549,
    0.578,
    0.5535,
    0.569
  ],
  "val_f1": [
    0.5836609873307121,
    0.6152603956398869,
    0.6522195036700454,
    0.6070261437908497,
    0.619496855345912,
    0.6014160766347355,
    0.6249520153550863,
    0.5971404541631623,
    0.5772357723577236,
    0.5803777061262092,
    0.573921028466483,
    0.5779938135218736,
    0.5822201750345463,
    0.5792349726775956,
    0.5640056683986774,
    0.5620229007633587,
    0.5920641997325012,
    0.585278276481149,
    0.5549188156638014,
    0.5806142034548946,
    0.6007393715341959,
    0.5896269335759782,
    0.6063432835820897,
    0.585614849187935,
    0.6016635859519409
  ],
  "val_precision": [
    0.5182311869666408,
    0.5159106296547055,
    0.5013433637829124,
    0.513121546961326,
    0.5103626943005182,
    0.5153461812990721,
    0.5071651090342679,
    0.5152394775036284,
    0.5263591433278418,
    0.53800170794193,
    0.530560271646859,
    0.517814726840855,
    0.5397096498719044,
    0.5317725752508361,
    0.5344673231871083,
    0.5374087591240876,
    0.5341914722445696,
    0.5309446254071661,
    0.5310786106032906,
    0.5581180811808119,
    0.5584192439862543,
    0.5409015025041736,
    0.5681818181818182,
    0.5463203463203463,
    0.5592783505154639
  ],
  "val_recall": [
    0.668,
    0.762,
    0.933,
    0.743,
    0.788,
    0.722,
    0.814,
    0.71,
    0.639,
    0.63,
    0.625,
    0.654,
    0.632,
    0.636,
    0.597,
    0.589,
    0.664,
    0.652,
    0.581,
    0.605,
    0.65,
    0.648,
    0.65,
    0.631,
    0.651
  ],
  "test_loss": [
    0.13241181818265763,
    0.1341278762334869,
    0.14118926646927046,
    0.1347921701177718,
    0.13881144814548038,
    0.13307823619199177,
    0.13614041216316677,
    0.13292411596529066,
    0.13083122966308441,
    0.12944668637854712,
    0.1307660567145499,
    0.12861767204271424,
    0.12809225431983434,
    0.12928976319612018,
    0.12738182123691316,
    0.13020592064611494,
    0.12862614766945915,
    0.12613265050782096,
    0.12782880805787586,
    0.12696519706930434,
    0.12334820143287144,
    0.1265678819682863,
    0.12416632792779378,
    0.12601396476938612,
    0.12100853948366075
  ],
  "test_acc": [
    0.536,
    0.53,
    0.51,
    0.522,
    0.511,
    0.542,
    0.531,
    0.547,
    0.549,
    0.5665,
    0.545,
    0.5605,
    0.5575,
    0.5555,
    0.562,
    0.559,
    0.5665,
    0.57,
    0.564,
    0.576,
    0.5885,
    0.578,
    0.57,
    0.561,
    0.5985
  ],
  "test_f1": [
    0.5911894273127752,
    0.6272799365582871,
    0.6571028691392583,
    0.6046319272125723,
    0.6134387351778656,
    0.6218001651527663,
    0.6463046757164405,
    0.6256198347107438,
    0.5998225377107366,
    0.6053709604005462,
    0.585232452142206,
    0.6132864056313242,
    0.5934772622875517,
    0.5935070873342477,
    0.587958607714017,
    0.5795996186844614,
    0.6021110601193208,
    0.6087352138307552,
    0.5766990291262136,
    0.5946462715105162,
    0.6170311772917636,
    0.6146118721461188,
    0.5935727788279773,
    0.5877934272300469,
    0.6280685502547476
  ],
  "test_precision": [
    0.5283464566929134,
    0.5197109067017083,
    0.5053821313240043,
    0.5155148095909732,
    0.5071895424836601,
    0.5295358649789029,
    0.5187651331719129,
    0.5330985915492957,
    0.5390749601275917,
    0.5555555555555556,
    0.5376884422110553,
    0.5475255302435192,
    0.5488530161427357,
    0.5467565290648694,
    0.5550621669626998,
    0.5537340619307832,
    0.556403731976251,
    0.5584307178631052,
    0.560377358490566,
    0.5695970695970696,
    0.577023498694517,
    0.565546218487395,
    0.5627240143369175,
    0.5539823008849557,
    0.5849870578084556
  ],
  "test_recall": [
    0.671,
    0.791,
    0.939,
    0.731,
    0.776,
    0.753,
    0.857,
    0.757,
    0.676,
    0.665,
    0.642,
    0.697,
    0.646,
    0.649,
    0.625,
    0.608,
    0.656,
    0.669,
    0.594,
    0.622,
    0.663,
    0.673,
    0.628,
    0.626,
    0.678
  ],
  "learning_rates": [
    0.001,
    0.001,
    0.001,
    0.001,
    0.001,
    0.001,
    0.001,
    0.001,
    0.0005,
    0.0005,
    0.0005,
    0.0005,
    0.0005,
    0.0005,
    0.0005,
    0.0005,
    0.0005,
    0.0005,
    0.0005,
    0.0005,
    0.0005,
    0.0005,
    0.0005,
    0.0005,
    0.0005
  ],